"Section";"Section_description";"Class";"Class_description"
"A";"AGRICULTURE, FORESTRY AND FISHING";"01.11";"Growing of cereals (except rice), leguminous crops and oil seeds"
"A";"AGRICULTURE, FORESTRY AND FISHING";"01.13";"Growing of vegetables and melons, roots and tubers"
"A";"AGRICULTURE, FORESTRY AND FISHING";"01.19";"Growing of other non-perennial crops"
"A";"AGRICULTURE, FORESTRY AND FISHING";"01.21";"Growing of grapes"
"A";"AGRICULTURE, FORESTRY AND FISHING";"01.24";"Growing of pome fruits and stone fruits"
"A";"AGRICULTURE, FORESTRY AND FISHING";"01.25";"Growing of other tree and bush fruits and nuts"
"A";"AGRICULTURE, FORESTRY AND FISHING";"01.29";"Growing of other perennial crops"
"A";"AGRICULTURE, FORESTRY AND FISHING";"01.41";"Raising of dairy cattle"
"A";"AGRICULTURE, FORESTRY AND FISHING";"01.42";"Raising of other cattle and buffaloes"
"A";"AGRICULTURE, FORESTRY AND FISHING";"01.43";"Raising of horses and other equines"
"A";"AGRICULTURE, FORESTRY AND FISHING";"01.45";"Raising of sheep and goats"
"A";"AGRICULTURE, FORESTRY AND FISHING";"01.46";"Raising of swine/pigs"
"A";"AGRICULTURE, FORESTRY AND FISHING";"01.47";"Raising of poultry"
"A";"AGRICULTURE, FORESTRY AND FISHING";"01.49";"Raising of other animals"
"A";"AGRICULTURE, FORESTRY AND FISHING";"01.5";"Mixed farming"
"A";"AGRICULTURE, FORESTRY AND FISHING";"01.61";"Support activities for crop production"
"A";"AGRICULTURE, FORESTRY AND FISHING";"01.62";"Support activities for animal production"
"A";"AGRICULTURE, FORESTRY AND FISHING";"02.10";"Silviculture and other forestry activities"
"B";"MINING AND QUARRYING";"5/6/7/8";"Mining of coal and lignite/Extraction of crude petroleum and natural gas/Mining of metal ores/Other mining and quarrying"
"C";"MANUFACTURING";"10.1";"Processing and preserving of meat and production of meat products"
"C";"MANUFACTURING";"10.3";"Processing and preserving of fruit and vegetables"
"C";"MANUFACTURING";"10.4";"Manufacture of vegetable and animal oils and fats"
"C";"MANUFACTURING";"10.5";"Manufacture of dairy products"
"C";"MANUFACTURING";"10.71";"Manufacture of bread; manufacture of fresh pastry goods and cakes"
"C";"MANUFACTURING";"10.89";"Manufacture of other food products n.e.c."
"C";"MANUFACTURING";"10.9";"Manufacture of prepared animal feeds"
"C";"MANUFACTURING";"11.01";"Distilling, rectifying and blending of spirits"
"C";"MANUFACTURING";"11.02";"Manufacture of wine from grape"
"C";"MANUFACTURING";"32";"Other manufacturing"
"C";"MANUFACTURING";"13.2/13.3";"Weaving of textiles/Finishing of textiles"
"C";"MANUFACTURING";"13.9";"Manufacture of other textiles"
"C";"MANUFACTURING";"14.1";"Manufacture of wearing apparel, except fur apparel"
"C";"MANUFACTURING";"15";"Manufacture of leather and related products"
"C";"MANUFACTURING";"16.2";"Manufacture of products of wood, cork, straw and plaiting materials"
"C";"MANUFACTURING";"17.12";"Manufacture of paper and paperboard"
"C";"MANUFACTURING";"18.1";"Printing and service activities related to printing"
"D";"ELECTRICITY, GAS, STEAM AND AIR CONDITIONING SUPPLY";"35";"Electricity, gas, steam and air conditioning supply"
"C";"MANUFACTURING";"20.13";"Manufacture of other inorganic basic chemicals"
"C";"MANUFACTURING";"20.30";"Manufacture of paints, varnishes and similar coatings, printing ink and mastics"
"C";"MANUFACTURING";"20.59";"Manufacture of other chemical products n.e.c."
"C";"MANUFACTURING";"22.2";"Manufacture of plastic products"
"C";"MANUFACTURING";"23.11";"Manufacture of flat glass"
"C";"MANUFACTURING";"23.19";"Manufacture and processing of other glass, including technical glassware"
"C";"MANUFACTURING";"23.4/23.3";"Manufacture of other porcelain and ceramic products/Manufacture of clay building materials"
"C";"MANUFACTURING";"25.12";"Manufacture of doors and windows of metal"
"C";"MANUFACTURING";"25.50";"Forging, pressing, stamping and roll-forming of metal; powder metallurgy"
"C";"MANUFACTURING";"25.61";"Treatment and coating of metals"
"C";"MANUFACTURING";"25.62";"Machining"
"C";"MANUFACTURING";"25.7";"Manufacture of cutlery, tools and general hardware"
"C";"MANUFACTURING";"25.99";"Manufacture of other fabricated metal products n.e.c."
"C";"MANUFACTURING";"26.40";"Manufacture of consumer electronics"
"C";"MANUFACTURING";"26.5";"Manufacture of instruments and appliances for measuring, testing and navigation; watches and clocks"
"C";"MANUFACTURING";"27.1";"Manufacture of electric motors, generators, transformers and electricity distribution and control apparatus"
"C";"MANUFACTURING";"27.40";"Manufacture of electric lighting equipment"
"C";"MANUFACTURING";"27.90";"Manufacture of other electrical equipment"
"C";"MANUFACTURING";"28.4";"Manufacture of metal forming machinery and machine tools"
"C";"MANUFACTURING";"31.01";"Manufacture of office and shop furniture"
"C";"MANUFACTURING";"31.03";"Manufacture of mattresses"
"C";"MANUFACTURING";"33.12";"Repair of machinery"
"C";"MANUFACTURING";"33.17/33.16/33.15";"Repair and maintenance of other transport equipment/Repair and maintenance of aircraft and spacecraft/Repair and maintenance of ships and boats"
"E";"WATER SUPPLY; SEWERAGE, WASTE MANAGEMENT AND REMEDIATION ACTIVITIES";"36";"Water collection, treatment and supply"
"E";"WATER SUPPLY; SEWERAGE, WASTE MANAGEMENT AND REMEDIATION ACTIVITIES";"38";"Waste collection, treatment and disposal activities; materials recovery"
"F";"CONSTRUCTION";"41.10";"Development of building projects"
"F";"CONSTRUCTION";"41.20";"Construction of residential and non-residential buildings"
"F";"CONSTRUCTION";"42.12";"Construction of railways and underground railways"
"F";"CONSTRUCTION";"42.22";"Construction of utility projects for electricity and telecommunications"
"F";"CONSTRUCTION";"42.99";"Construction of other civil engineering projects n.e.c."
"F";"CONSTRUCTION";"43.11";"Demolition"
"F";"CONSTRUCTION";"43.12";"Site preparation"
"F";"CONSTRUCTION";"43.21";"Electrical installation"
"F";"CONSTRUCTION";"43.22";"Plumbing, heat and air-conditioning installation"
"F";"CONSTRUCTION";"43.29";"Other construction installation"
"F";"CONSTRUCTION";"43.31";"Plastering"
"F";"CONSTRUCTION";"43.32";"Joinery installation"
"F";"CONSTRUCTION";"43.33";"Floor and wall covering"
"F";"CONSTRUCTION";"43.34";"Painting and glazing"
"F";"CONSTRUCTION";"43.39";"Other building completion and finishing"
"F";"CONSTRUCTION";"43.91";"Roofing activities"
"F";"CONSTRUCTION";"43.99";"Other specialised construction activities n.e.c."
"G";"WHOLESALE AND RETAIL TRADE; REPAIR OF MOTOR VEHICLES AND MOTORCYCLES";"45.11";"Sale of cars and light motor vehicles"
"G";"WHOLESALE AND RETAIL TRADE; REPAIR OF MOTOR VEHICLES AND MOTORCYCLES";"45.19";"Sale of other motor vehicles"
"G";"WHOLESALE AND RETAIL TRADE; REPAIR OF MOTOR VEHICLES AND MOTORCYCLES";"45.20";"Maintenance and repair of motor vehicles"
"G";"WHOLESALE AND RETAIL TRADE; REPAIR OF MOTOR VEHICLES AND MOTORCYCLES";"45.31";"Wholesale trade of motor vehicle parts and accessories"
"G";"WHOLESALE AND RETAIL TRADE; REPAIR OF MOTOR VEHICLES AND MOTORCYCLES";"45.32";"Retail trade of motor vehicle parts and accessories"
"G";"WHOLESALE AND RETAIL TRADE; REPAIR OF MOTOR VEHICLES AND MOTORCYCLES";"45.40";"Sale, maintenance and repair of motorcycles and related parts and accessories"
"G";"WHOLESALE AND RETAIL TRADE; REPAIR OF MOTOR VEHICLES AND MOTORCYCLES";"46.11";"Agents involved in the sale of agricultural raw materials, live animals, textile raw materials and semi-finished goods"
"G";"WHOLESALE AND RETAIL TRADE; REPAIR OF MOTOR VEHICLES AND MOTORCYCLES";"46.12";"Agents involved in the sale of fuels, ores, metals and industrial chemicals"
"G";"WHOLESALE AND RETAIL TRADE; REPAIR OF MOTOR VEHICLES AND MOTORCYCLES";"46.15";"Agents involved in the sale of furniture, household goods, hardware and ironmongery"
"G";"WHOLESALE AND RETAIL TRADE; REPAIR OF MOTOR VEHICLES AND MOTORCYCLES";"46.16";"Agents involved in the sale of textiles, clothing, fur, footwear and leather goods"
"G";"WHOLESALE AND RETAIL TRADE; REPAIR OF MOTOR VEHICLES AND MOTORCYCLES";"46.18";"Agents specialised in the sale of other particular products"
"G";"WHOLESALE AND RETAIL TRADE; REPAIR OF MOTOR VEHICLES AND MOTORCYCLES";"46.19";"Agents involved in the sale of a variety of goods"
"G";"WHOLESALE AND RETAIL TRADE; REPAIR OF MOTOR VEHICLES AND MOTORCYCLES";"46.21";"Wholesale of grain, unmanufactured tobacco, seeds and animal feeds"
"G";"WHOLESALE AND RETAIL TRADE; REPAIR OF MOTOR VEHICLES AND MOTORCYCLES";"46.23";"Wholesale of live animals"
"G";"WHOLESALE AND RETAIL TRADE; REPAIR OF MOTOR VEHICLES AND MOTORCYCLES";"46.31";"Wholesale of fruit and vegetables"
"G";"WHOLESALE AND RETAIL TRADE; REPAIR OF MOTOR VEHICLES AND MOTORCYCLES";"46.32";"Wholesale of meat and meat products"
"G";"WHOLESALE AND RETAIL TRADE; REPAIR OF MOTOR VEHICLES AND MOTORCYCLES";"46.34";"Wholesale of beverages"
"G";"WHOLESALE AND RETAIL TRADE; REPAIR OF MOTOR VEHICLES AND MOTORCYCLES";"46.38";"Wholesale of other food, including fish, crustaceans and molluscs"
"G";"WHOLESALE AND RETAIL TRADE; REPAIR OF MOTOR VEHICLES AND MOTORCYCLES";"46.39";"Non-specialised wholesale of food, beverages and tobacco"
"G";"WHOLESALE AND RETAIL TRADE; REPAIR OF MOTOR VEHICLES AND MOTORCYCLES";"46.41";"Wholesale of textiles"
"G";"WHOLESALE AND RETAIL TRADE; REPAIR OF MOTOR VEHICLES AND MOTORCYCLES";"46.42";"Wholesale of clothing and footwear"
"G";"WHOLESALE AND RETAIL TRADE; REPAIR OF MOTOR VEHICLES AND MOTORCYCLES";"46.43";"Wholesale of electrical household appliances"
"G";"WHOLESALE AND RETAIL TRADE; REPAIR OF MOTOR VEHICLES AND MOTORCYCLES";"46.46";"Wholesale of pharmaceutical goods"
"G";"WHOLESALE AND RETAIL TRADE; REPAIR OF MOTOR VEHICLES AND MOTORCYCLES";"46.49";"Wholesale of other household goods"
"G";"WHOLESALE AND RETAIL TRADE; REPAIR OF MOTOR VEHICLES AND MOTORCYCLES";"46.51";"Wholesale of computers, computer peripheral equipment and software"
"G";"WHOLESALE AND RETAIL TRADE; REPAIR OF MOTOR VEHICLES AND MOTORCYCLES";"46.52";"Wholesale of electronic and telecommunications equipment and parts"
"G";"WHOLESALE AND RETAIL TRADE; REPAIR OF MOTOR VEHICLES AND MOTORCYCLES";"46.61";"Wholesale of agricultural machinery, equipment and supplies"
"G";"WHOLESALE AND RETAIL TRADE; REPAIR OF MOTOR VEHICLES AND MOTORCYCLES";"46.65";"Wholesale of office furniture"
"G";"WHOLESALE AND RETAIL TRADE; REPAIR OF MOTOR VEHICLES AND MOTORCYCLES";"46.66";"Wholesale of other office machinery and equipment"
"G";"WHOLESALE AND RETAIL TRADE; REPAIR OF MOTOR VEHICLES AND MOTORCYCLES";"46.69";"Wholesale of other machinery and equipment"
"G";"WHOLESALE AND RETAIL TRADE; REPAIR OF MOTOR VEHICLES AND MOTORCYCLES";"46.73";"Wholesale of wood, construction materials and sanitary equipment"
"G";"WHOLESALE AND RETAIL TRADE; REPAIR OF MOTOR VEHICLES AND MOTORCYCLES";"46.74";"Wholesale of hardware, plumbing and heating equipment and supplies"
"G";"WHOLESALE AND RETAIL TRADE; REPAIR OF MOTOR VEHICLES AND MOTORCYCLES";"46.75";"Wholesale of chemical products"
"G";"WHOLESALE AND RETAIL TRADE; REPAIR OF MOTOR VEHICLES AND MOTORCYCLES";"46.76";"Wholesale of other intermediate products"
"G";"WHOLESALE AND RETAIL TRADE; REPAIR OF MOTOR VEHICLES AND MOTORCYCLES";"46.77";"Wholesale of waste and scrap"
"G";"WHOLESALE AND RETAIL TRADE; REPAIR OF MOTOR VEHICLES AND MOTORCYCLES";"46.90";"Non-specialised wholesale trade"
"G";"WHOLESALE AND RETAIL TRADE; REPAIR OF MOTOR VEHICLES AND MOTORCYCLES";"47.11";"Retail sale in non-specialised stores with food, beverages or tobacco predominating"
"G";"WHOLESALE AND RETAIL TRADE; REPAIR OF MOTOR VEHICLES AND MOTORCYCLES";"47.21";"Retail sale of fruit and vegetables in specialised stores"
"G";"WHOLESALE AND RETAIL TRADE; REPAIR OF MOTOR VEHICLES AND MOTORCYCLES";"47.22";"Retail sale of meat and meat products in specialised stores"
"G";"WHOLESALE AND RETAIL TRADE; REPAIR OF MOTOR VEHICLES AND MOTORCYCLES";"47.23";"Retail sale of fish, crustaceans and molluscs in specialised stores"
"G";"WHOLESALE AND RETAIL TRADE; REPAIR OF MOTOR VEHICLES AND MOTORCYCLES";"47.24";"Retail sale of bread, cakes, flour confectionery and sugar confectionery in specialised stores"
"G";"WHOLESALE AND RETAIL TRADE; REPAIR OF MOTOR VEHICLES AND MOTORCYCLES";"47.25";"Retail sale of beverages in specialised stores"
"G";"WHOLESALE AND RETAIL TRADE; REPAIR OF MOTOR VEHICLES AND MOTORCYCLES";"47.26";"Retail sale of tobacco products in specialised stores"
"G";"WHOLESALE AND RETAIL TRADE; REPAIR OF MOTOR VEHICLES AND MOTORCYCLES";"47.29";"Other retail sale of food in specialised stores"
"G";"WHOLESALE AND RETAIL TRADE; REPAIR OF MOTOR VEHICLES AND MOTORCYCLES";"47.30";"Retail sale of automotive fuel in specialised stores"
"G";"WHOLESALE AND RETAIL TRADE; REPAIR OF MOTOR VEHICLES AND MOTORCYCLES";"47.41";"Retail sale of computers, peripheral units and software in specialised stores"
"G";"WHOLESALE AND RETAIL TRADE; REPAIR OF MOTOR VEHICLES AND MOTORCYCLES";"47.42";"Retail sale of telecommunications equipment in specialised stores"
"G";"WHOLESALE AND RETAIL TRADE; REPAIR OF MOTOR VEHICLES AND MOTORCYCLES";"47.51";"Retail sale of textiles in specialised stores"
"G";"WHOLESALE AND RETAIL TRADE; REPAIR OF MOTOR VEHICLES AND MOTORCYCLES";"47.52";"Retail sale of hardware, paints and glass in specialised stores"
"G";"WHOLESALE AND RETAIL TRADE; REPAIR OF MOTOR VEHICLES AND MOTORCYCLES";"47.53";"Retail sale of carpets, rugs, wall and floor coverings in specialised stores"
"G";"WHOLESALE AND RETAIL TRADE; REPAIR OF MOTOR VEHICLES AND MOTORCYCLES";"47.54";"Retail sale of electrical household appliances in specialised stores"
"G";"WHOLESALE AND RETAIL TRADE; REPAIR OF MOTOR VEHICLES AND MOTORCYCLES";"47.59";"Retail sale of furniture, lighting equipment and other household articles in specialised stores"
"G";"WHOLESALE AND RETAIL TRADE; REPAIR OF MOTOR VEHICLES AND MOTORCYCLES";"47.61";"Retail sale of books in specialised stores"
"G";"WHOLESALE AND RETAIL TRADE; REPAIR OF MOTOR VEHICLES AND MOTORCYCLES";"47.62";"Retail sale of newspapers and stationery in specialised stores"
"G";"WHOLESALE AND RETAIL TRADE; REPAIR OF MOTOR VEHICLES AND MOTORCYCLES";"47.64";"Retail sale of sporting equipment in specialised stores"
"G";"WHOLESALE AND RETAIL TRADE; REPAIR OF MOTOR VEHICLES AND MOTORCYCLES";"47.71";"Retail sale of clothing in specialised stores"
"G";"WHOLESALE AND RETAIL TRADE; REPAIR OF MOTOR VEHICLES AND MOTORCYCLES";"47.72";"Retail sale of footwear and leather goods in specialised stores"
"G";"WHOLESALE AND RETAIL TRADE; REPAIR OF MOTOR VEHICLES AND MOTORCYCLES";"47.73";"Dispensing chemist in specialised stores"
"G";"WHOLESALE AND RETAIL TRADE; REPAIR OF MOTOR VEHICLES AND MOTORCYCLES";"47.74";"Retail sale of medical and orthopaedic goods in specialised stores"
"G";"WHOLESALE AND RETAIL TRADE; REPAIR OF MOTOR VEHICLES AND MOTORCYCLES";"47.75";"Retail sale of cosmetic and toilet articles in specialised stores"
"G";"WHOLESALE AND RETAIL TRADE; REPAIR OF MOTOR VEHICLES AND MOTORCYCLES";"47.76";"Retail sale of flowers, plants, seeds, fertilisers, pet animals and pet food in specialised stores"
"G";"WHOLESALE AND RETAIL TRADE; REPAIR OF MOTOR VEHICLES AND MOTORCYCLES";"47.77";"Retail sale of watches and jewellery in specialised stores"
"G";"WHOLESALE AND RETAIL TRADE; REPAIR OF MOTOR VEHICLES AND MOTORCYCLES";"47.78";"Other retail sale of new goods in specialised stores"
"G";"WHOLESALE AND RETAIL TRADE; REPAIR OF MOTOR VEHICLES AND MOTORCYCLES";"47.79";"Retail sale of second-hand goods in stores"
"G";"WHOLESALE AND RETAIL TRADE; REPAIR OF MOTOR VEHICLES AND MOTORCYCLES";"47.81";"Retail sale via stalls and markets of food, beverages and tobacco products"
"G";"WHOLESALE AND RETAIL TRADE; REPAIR OF MOTOR VEHICLES AND MOTORCYCLES";"47.82";"Retail sale via stalls and markets of textiles, clothing and footwear"
"G";"WHOLESALE AND RETAIL TRADE; REPAIR OF MOTOR VEHICLES AND MOTORCYCLES";"47.89";"Retail sale via stalls and markets of other goods"
"G";"WHOLESALE AND RETAIL TRADE; REPAIR OF MOTOR VEHICLES AND MOTORCYCLES";"47.91";"Retail sale via mail order houses or via Internet"
"G";"WHOLESALE AND RETAIL TRADE; REPAIR OF MOTOR VEHICLES AND MOTORCYCLES";"47.99";"Other retail sale not in stores, stalls or markets"
"H";"TRANSPORTATION AND STORAGE";"49.10";"Passenger rail transport, interurban"
"H";"TRANSPORTATION AND STORAGE";"49.20";"Freight rail transport"
"H";"TRANSPORTATION AND STORAGE";"49.32";"Taxi operation"
"H";"TRANSPORTATION AND STORAGE";"49.39";"Other passenger land transport n.e.c."
"H";"TRANSPORTATION AND STORAGE";"49.41";"Freight transport by road"
"H";"TRANSPORTATION AND STORAGE";"49.42";"Removal services"
"H";"TRANSPORTATION AND STORAGE";"52.10";"Warehousing and storage"
"H";"TRANSPORTATION AND STORAGE";"52.21";"Service activities incidental to land transportation"
"H";"TRANSPORTATION AND STORAGE";"52.24";"Cargo handling"
"H";"TRANSPORTATION AND STORAGE";"52.29";"Other transportation support activities"
"H";"TRANSPORTATION AND STORAGE";"53.10";"Postal activities under universal service obligation"
"I";"ACCOMMODATION AND FOOD SERVICE ACTIVITIES";"55.10";"Hotels and similar accommodation"
"I";"ACCOMMODATION AND FOOD SERVICE ACTIVITIES";"55.20";"Holiday and other short-stay accommodation"
"I";"ACCOMMODATION AND FOOD SERVICE ACTIVITIES";"55.30";"Camping grounds, recreational vehicle parks and trailer parks"
"I";"ACCOMMODATION AND FOOD SERVICE ACTIVITIES";"55.90";"Other accommodation"
"I";"ACCOMMODATION AND FOOD SERVICE ACTIVITIES";"56.10";"Restaurants and mobile food service activities"
"I";"ACCOMMODATION AND FOOD SERVICE ACTIVITIES";"56.21";"Event catering activities"
"I";"ACCOMMODATION AND FOOD SERVICE ACTIVITIES";"56.29";"Other food service activities"
"I";"ACCOMMODATION AND FOOD SERVICE ACTIVITIES";"56.30";"Beverage serving activities"
"J";"INFORMATION AND COMMUNICATION";"58.11";"Book publishing"
"J";"INFORMATION AND COMMUNICATION";"58.13";"Publishing of newspapers"
"J";"INFORMATION AND COMMUNICATION";"58.14";"Publishing of journals and periodicals"
"J";"INFORMATION AND COMMUNICATION";"58.29";"Other software publishing"
"J";"INFORMATION AND COMMUNICATION";"59.11";"Motion picture, video and television programme production activities"
"J";"INFORMATION AND COMMUNICATION";"59.12";"Motion picture, video and television programme post-production activities"
"J";"INFORMATION AND COMMUNICATION";"60.10";"Radio broadcasting"
"J";"INFORMATION AND COMMUNICATION";"61.10";"Wired telecommunications activities"
"J";"INFORMATION AND COMMUNICATION";"61.20";"Wireless telecommunications activities"
"J";"INFORMATION AND COMMUNICATION";"61.90";"Other telecommunications activities"
"J";"INFORMATION AND COMMUNICATION";"62.01";"Computer programming activities"
"J";"INFORMATION AND COMMUNICATION";"62.02";"Computer consultancy activities"
"J";"INFORMATION AND COMMUNICATION";"62.09";"Other information technology and computer service activities"
"J";"INFORMATION AND COMMUNICATION";"63.11";"Data processing, hosting and related activities"
"J";"INFORMATION AND COMMUNICATION";"63.12";"Web portals"
"J";"INFORMATION AND COMMUNICATION";"63.91";"News agency activities"
"K";"FINANCIAL AND INSURANCE ACTIVITIES";"64.19";"Other monetary intermediation"
"K";"FINANCIAL AND INSURANCE ACTIVITIES";"64.20";"Activities of holding companies"
"K";"FINANCIAL AND INSURANCE ACTIVITIES";"64.30";"Trusts, funds and similar financial entities"
"K";"FINANCIAL AND INSURANCE ACTIVITIES";"64.92";"Other credit granting"
"K";"FINANCIAL AND INSURANCE ACTIVITIES";"65.11";"Life insurance"
"K";"FINANCIAL AND INSURANCE ACTIVITIES";"65.12";"Non-life insurance"
"K";"FINANCIAL AND INSURANCE ACTIVITIES";"66.19";"Other activities auxiliary to financial services, except insurance and pension funding"
"K";"FINANCIAL AND INSURANCE ACTIVITIES";"66.22";"Activities of insurance agents and brokers"
"K";"FINANCIAL AND INSURANCE ACTIVITIES";"66.30";"Fund management activities"
"L";"REAL ESTATE ACTIVITIES";"68.10";"Buying and selling of own real estate"
"L";"REAL ESTATE ACTIVITIES";"68.20";"Rental and operating of own or leased real estate"
"L";"REAL ESTATE ACTIVITIES";"68.31";"Real estate agencies"
"L";"REAL ESTATE ACTIVITIES";"68.32";"Management of real estate on a fee or contract basis"
"M";"PROFESSIONAL, SCIENTIFIC AND TECHNICAL ACTIVITIES";"69.10";"Legal activities"
"M";"PROFESSIONAL, SCIENTIFIC AND TECHNICAL ACTIVITIES";"69.20";"Accounting, bookkeeping and auditing activities; tax consultancy"
"M";"PROFESSIONAL, SCIENTIFIC AND TECHNICAL ACTIVITIES";"70.10";"Activities of head offices"
"M";"PROFESSIONAL, SCIENTIFIC AND TECHNICAL ACTIVITIES";"70.21";"Public relations and communication activities"
"M";"PROFESSIONAL, SCIENTIFIC AND TECHNICAL ACTIVITIES";"70.22";"Business and other management consultancy activities"
"M";"PROFESSIONAL, SCIENTIFIC AND TECHNICAL ACTIVITIES";"71.11";"Architectural activities"
"M";"PROFESSIONAL, SCIENTIFIC AND TECHNICAL ACTIVITIES";"71.12";"Engineering activities and related technical consultancy"
"M";"PROFESSIONAL, SCIENTIFIC AND TECHNICAL ACTIVITIES";"71.20";"Technical testing and analysis"
"M";"PROFESSIONAL, SCIENTIFIC AND TECHNICAL ACTIVITIES";"72.19";"Other research and experimental development on natural sciences and engineering"
"M";"PROFESSIONAL, SCIENTIFIC AND TECHNICAL ACTIVITIES";"73.11";"Advertising agencies"
"M";"PROFESSIONAL, SCIENTIFIC AND TECHNICAL ACTIVITIES";"73.12";"Media representation"
"M";"PROFESSIONAL, SCIENTIFIC AND TECHNICAL ACTIVITIES";"73.20";"Market research and public opinion polling"
"M";"PROFESSIONAL, SCIENTIFIC AND TECHNICAL ACTIVITIES";"74.10";"Specialised design activities"
"M";"PROFESSIONAL, SCIENTIFIC AND TECHNICAL ACTIVITIES";"74.20";"Photographic activities"
"M";"PROFESSIONAL, SCIENTIFIC AND TECHNICAL ACTIVITIES";"74.30";"Translation and interpretation activities"
"M";"PROFESSIONAL, SCIENTIFIC AND TECHNICAL ACTIVITIES";"74.90";"Other professional, scientific and technical activities n.e.c."
"M";"PROFESSIONAL, SCIENTIFIC AND TECHNICAL ACTIVITIES";"75.00";"Veterinary activities"
"N";"ADMINISTRATIVE AND SUPPORT SERVICE ACTIVITIES";"77.11";"Rental and leasing of cars and light motor vehicles"
"N";"ADMINISTRATIVE AND SUPPORT SERVICE ACTIVITIES";"77.22";"Rental of video tapes and disks"
"N";"ADMINISTRATIVE AND SUPPORT SERVICE ACTIVITIES";"77.29";"Rental and leasing of other personal and household goods"
"N";"ADMINISTRATIVE AND SUPPORT SERVICE ACTIVITIES";"77.32";"Rental and leasing of construction and civil engineering machinery and equipment"
"N";"ADMINISTRATIVE AND SUPPORT SERVICE ACTIVITIES";"77.33";"Rental and leasing of office machinery and equipment (including computers)"
"N";"ADMINISTRATIVE AND SUPPORT SERVICE ACTIVITIES";"77.39";"Rental and leasing of other machinery, equipment and tangible goods n.e.c."
"N";"ADMINISTRATIVE AND SUPPORT SERVICE ACTIVITIES";"78.10";"Activities of employment placement agencies"
"N";"ADMINISTRATIVE AND SUPPORT SERVICE ACTIVITIES";"78.20";"Temporary employment agency activities"
"N";"ADMINISTRATIVE AND SUPPORT SERVICE ACTIVITIES";"78.30";"Other human resources provision"
"N";"ADMINISTRATIVE AND SUPPORT SERVICE ACTIVITIES";"79.11";"Travel agency activities"
"N";"ADMINISTRATIVE AND SUPPORT SERVICE ACTIVITIES";"79.12";"Tour operator activities"
"N";"ADMINISTRATIVE AND SUPPORT SERVICE ACTIVITIES";"79.90";"Other reservation service and related activities"
"N";"ADMINISTRATIVE AND SUPPORT SERVICE ACTIVITIES";"81.10";"Combined facilities support activities"
"N";"ADMINISTRATIVE AND SUPPORT SERVICE ACTIVITIES";"81.21";"General cleaning of buildings"
"N";"ADMINISTRATIVE AND SUPPORT SERVICE ACTIVITIES";"81.22";"Other building and industrial cleaning activities"
"N";"ADMINISTRATIVE AND SUPPORT SERVICE ACTIVITIES";"81.29";"Other cleaning activities"
"N";"ADMINISTRATIVE AND SUPPORT SERVICE ACTIVITIES";"81.30";"Landscape service activities"
"N";"ADMINISTRATIVE AND SUPPORT SERVICE ACTIVITIES";"82.11";"Combined office administrative service activities"
"N";"ADMINISTRATIVE AND SUPPORT SERVICE ACTIVITIES";"82.19";"Photocopying, document preparation and other specialised office support activities"
"N";"ADMINISTRATIVE AND SUPPORT SERVICE ACTIVITIES";"82.20";"Activities of call centres"
"N";"ADMINISTRATIVE AND SUPPORT SERVICE ACTIVITIES";"82.30";"Organisation of conventions and trade shows"
"N";"ADMINISTRATIVE AND SUPPORT SERVICE ACTIVITIES";"82.92";"Packaging activities"
"N";"ADMINISTRATIVE AND SUPPORT SERVICE ACTIVITIES";"82.99";"Other business support service activities n.e.c."
"O";"PUBLIC ADMINISTRATION AND DEFENCE; COMPULSORY SOCIAL SECURITY";"84.11";"General public administration activities"
"O";"PUBLIC ADMINISTRATION AND DEFENCE; COMPULSORY SOCIAL SECURITY";"84.12";"Regulation of the activities of providing health care, education, cultural services and other social services, excluding social security"
"O";"PUBLIC ADMINISTRATION AND DEFENCE; COMPULSORY SOCIAL SECURITY";"84.13";"Regulation of and contribution to more efficient operation of businesses"
"O";"PUBLIC ADMINISTRATION AND DEFENCE; COMPULSORY SOCIAL SECURITY";"84.25";"Fire service activities"
"O";"PUBLIC ADMINISTRATION AND DEFENCE; COMPULSORY SOCIAL SECURITY";"84.30";"Compulsory social security activities"
"P";"EDUCATION";"85.10";"Pre-primary education"
"P";"EDUCATION";"85.20";"Primary education"
"P";"EDUCATION";"85.31";"General secondary education"
"P";"EDUCATION";"85.32";"Technical and vocational secondary education"
"P";"EDUCATION";"85.42";"Tertiary education"
"P";"EDUCATION";"85.51";"Sports and recreation education"
"P";"EDUCATION";"85.52";"Cultural education"
"P";"EDUCATION";"85.53";"Driving school activities"
"P";"EDUCATION";"85.59";"Other education n.e.c."
"Q";"HUMAN HEALTH AND SOCIAL WORK ACTIVITIES";"86.10";"Hospital activities"
"Q";"HUMAN HEALTH AND SOCIAL WORK ACTIVITIES";"86.21";"General medical practice activities"
"Q";"HUMAN HEALTH AND SOCIAL WORK ACTIVITIES";"86.22";"Specialist medical practice activities"
"Q";"HUMAN HEALTH AND SOCIAL WORK ACTIVITIES";"86.23";"Dental practice activities"
"Q";"HUMAN HEALTH AND SOCIAL WORK ACTIVITIES";"86.90";"Other human health activities"
"Q";"HUMAN HEALTH AND SOCIAL WORK ACTIVITIES";"87.10";"Residential nursing care activities"
"Q";"HUMAN HEALTH AND SOCIAL WORK ACTIVITIES";"87.20";"Residential care activities for mental retardation, mental health and substance abuse"
"Q";"HUMAN HEALTH AND SOCIAL WORK ACTIVITIES";"87.30";"Residential care activities for the elderly and disabled"
"Q";"HUMAN HEALTH AND SOCIAL WORK ACTIVITIES";"87.90";"Other residential care activities"
"Q";"HUMAN HEALTH AND SOCIAL WORK ACTIVITIES";"88.10";"Social work activities without accommodation for the elderly and disabled"
"Q";"HUMAN HEALTH AND SOCIAL WORK ACTIVITIES";"88.91";"Child day-care activities"
"Q";"HUMAN HEALTH AND SOCIAL WORK ACTIVITIES";"88.99";"Other social work activities without accommodation n.e.c."
"R";"ARTS, ENTERTAINMENT AND RECREATION";"90.01";"Performing arts"
"R";"ARTS, ENTERTAINMENT AND RECREATION";"90.02";"Support activities to performing arts"
"R";"ARTS, ENTERTAINMENT AND RECREATION";"90.03";"Artistic creation"
"R";"ARTS, ENTERTAINMENT AND RECREATION";"91.02";"Museums activities"
"R";"ARTS, ENTERTAINMENT AND RECREATION";"91.03";"Operation of historical sites and buildings and similar visitor attractions"
"R";"ARTS, ENTERTAINMENT AND RECREATION";"93.11";"Operation of sports facilities"
"R";"ARTS, ENTERTAINMENT AND RECREATION";"93.12";"Activities of sports clubs"
"R";"ARTS, ENTERTAINMENT AND RECREATION";"93.19";"Other sports activities"
"R";"ARTS, ENTERTAINMENT AND RECREATION";"93.29";"Other amusement and recreation activities"
"S";"OTHER SERVICE ACTIVITIES";"94.20";"Activities of trade unions"
"S";"OTHER SERVICE ACTIVITIES";"94.91";"Activities of religious organisations"
"S";"OTHER SERVICE ACTIVITIES";"94.99";"Activities of other membership organisations n.e.c."
"S";"OTHER SERVICE ACTIVITIES";"95.11";"Repair of computers and peripheral equipment"
"S";"OTHER SERVICE ACTIVITIES";"95.21";"Repair of consumer electronics"
"S";"OTHER SERVICE ACTIVITIES";"95.22";"Repair of household appliances and home and garden equipment"
"S";"OTHER SERVICE ACTIVITIES";"95.23";"Repair of footwear and leather goods"
"S";"OTHER SERVICE ACTIVITIES";"95.24";"Repair of furniture and home furnishings"
"S";"OTHER SERVICE ACTIVITIES";"95.29";"Repair of other personal and household goods"
"S";"OTHER SERVICE ACTIVITIES";"96.01";"Washing and (dry-)cleaning of textile and fur products"
"S";"OTHER SERVICE ACTIVITIES";"96.02";"Hairdressing and other beauty treatment"
"S";"OTHER SERVICE ACTIVITIES";"96.03";"Funeral and related activities"
"S";"OTHER SERVICE ACTIVITIES";"96.04";"Physical well-being activities"
"S";"OTHER SERVICE ACTIVITIES";"96.09";"Other personal service activities n.e.c."
"U";"ACTIVITIES OF EXTRATERRITORIAL ORGANISATIONS AND BODIES";"99.00";"Activities of extraterritorial organisations and bodies"
"A";"AGRICULTURE, FORESTRY AND FISHING";"01.28";"Growing of spices, aromatic, drug and pharmaceutical crops"
"A";"AGRICULTURE, FORESTRY AND FISHING";"01.30";"Plant propagation"
"A";"AGRICULTURE, FORESTRY AND FISHING";"01.63";"Post-harvest crop activities"
"A";"AGRICULTURE, FORESTRY AND FISHING";"02.20";"Logging"
"A";"AGRICULTURE, FORESTRY AND FISHING";"02.40";"Support services to forestry"
"A";"AGRICULTURE, FORESTRY AND FISHING";"03.21";"Marine aquaculture"
"C";"MANUFACTURING";"10.61";"Manufacture of grain mill products"
"C";"MANUFACTURING";"17.21";"Manufacture of corrugated paper and paperboard and of containers of paper and paperboard"
"C";"MANUFACTURING";"20.11";"Manufacture of industrial gases"
"C";"MANUFACTURING";"20.14";"Manufacture of other organic basic chemicals"
"C";"MANUFACTURING";"20.42";"Manufacture of perfumes and toilet preparations"
"C";"MANUFACTURING";"21.10";"Manufacture of basic pharmaceutical products"
"C";"MANUFACTURING";"22.1";"Manufacture of rubber products"
"C";"MANUFACTURING";"23.6";"Manufacture of articles of concrete, cement and plaster"
"C";"MANUFACTURING";"24.20";"Manufacture of tubes, pipes, hollow profiles and related fittings, of steel"
"C";"MANUFACTURING";"24.3";"Manufacture of other products of first processing of steel"
"C";"MANUFACTURING";"24.5";"Casting of metals"
"C";"MANUFACTURING";"24.42";"Aluminium production"
"C";"MANUFACTURING";"24.53";"Casting of light metals"
"C";"MANUFACTURING";"29.10";"Manufacture of motor vehicles"
"C";"MANUFACTURING";"29.3";"Manufacture of parts and accessories for motor vehicles"
"F";"CONSTRUCTION";"42.11";"Construction of roads and motorways"
"F";"CONSTRUCTION";"42.21";"Construction of utility projects for fluids"
"G";"WHOLESALE AND RETAIL TRADE; REPAIR OF MOTOR VEHICLES AND MOTORCYCLES";"46.22";"Wholesale of flowers and plants"
"G";"WHOLESALE AND RETAIL TRADE; REPAIR OF MOTOR VEHICLES AND MOTORCYCLES";"46.45";"Wholesale of perfume and cosmetics"
"G";"WHOLESALE AND RETAIL TRADE; REPAIR OF MOTOR VEHICLES AND MOTORCYCLES";"46.48";"Wholesale of watches and jewellery"
"G";"WHOLESALE AND RETAIL TRADE; REPAIR OF MOTOR VEHICLES AND MOTORCYCLES";"46.62";"Wholesale of machine tools"
"G";"WHOLESALE AND RETAIL TRADE; REPAIR OF MOTOR VEHICLES AND MOTORCYCLES";"46.63";"Wholesale of mining, construction and civil engineering machinery"
"G";"WHOLESALE AND RETAIL TRADE; REPAIR OF MOTOR VEHICLES AND MOTORCYCLES";"46.71";"Wholesale of solid, liquid and gaseous fuels and related products"
"G";"WHOLESALE AND RETAIL TRADE; REPAIR OF MOTOR VEHICLES AND MOTORCYCLES";"46.72";"Wholesale of metals and metal ores"
"G";"WHOLESALE AND RETAIL TRADE; REPAIR OF MOTOR VEHICLES AND MOTORCYCLES";"47.19";"Other retail sale in non-specialised stores"
"G";"WHOLESALE AND RETAIL TRADE; REPAIR OF MOTOR VEHICLES AND MOTORCYCLES";"47.43";"Retail sale of audio and video equipment in specialised stores"
"G";"WHOLESALE AND RETAIL TRADE; REPAIR OF MOTOR VEHICLES AND MOTORCYCLES";"47.65";"Retail sale of games and toys in specialised stores"
"H";"TRANSPORTATION AND STORAGE";"49.31";"Urban and suburban passenger land transport"
"H";"TRANSPORTATION AND STORAGE";"49.50";"Transport via pipeline"
"H";"TRANSPORTATION AND STORAGE";"50.40";"Inland freight water transport"
"H";"TRANSPORTATION AND STORAGE";"51.21";"Freight air transport"
"H";"TRANSPORTATION AND STORAGE";"52.22";"Service activities incidental to water transportation"
"H";"TRANSPORTATION AND STORAGE";"52.23";"Service activities incidental to air transportation"
"H";"TRANSPORTATION AND STORAGE";"53.20";"Other postal and courier activities"
"J";"INFORMATION AND COMMUNICATION";"59.14";"Motion picture projection activities"
"J";"INFORMATION AND COMMUNICATION";"63.99";"Other information service activities n.e.c."
"K";"FINANCIAL AND INSURANCE ACTIVITIES";"64.91";"Financial leasing"
"N";"ADMINISTRATIVE AND SUPPORT SERVICE ACTIVITIES";"77.31";"Rental and leasing of agricultural machinery and equipment"
"N";"ADMINISTRATIVE AND SUPPORT SERVICE ACTIVITIES";"80.10";"Private security activities"
"N";"ADMINISTRATIVE AND SUPPORT SERVICE ACTIVITIES";"80.20";"Security systems service activities"
"O";"PUBLIC ADMINISTRATION AND DEFENCE; COMPULSORY SOCIAL SECURITY";"84.22";"Defence activities"
"O";"PUBLIC ADMINISTRATION AND DEFENCE; COMPULSORY SOCIAL SECURITY";"84.23";"Justice and judicial activities"
"O";"PUBLIC ADMINISTRATION AND DEFENCE; COMPULSORY SOCIAL SECURITY";"84.24";"Public order and safety activities"
"P";"EDUCATION";"85.41";"Post-secondary non-tertiary education"
"R";"ARTS, ENTERTAINMENT AND RECREATION";"90.04";"Operation of arts facilities"
"R";"ARTS, ENTERTAINMENT AND RECREATION";"91.04";"Botanical and zoological gardens and nature reserves activities"
"R";"ARTS, ENTERTAINMENT AND RECREATION";"92.00";"Gambling and betting activities"
"R";"ARTS, ENTERTAINMENT AND RECREATION";"93.13";"Fitness facilities"
"R";"ARTS, ENTERTAINMENT AND RECREATION";"93.21";"Activities of amusement parks and theme parks"
"S";"OTHER SERVICE ACTIVITIES";"94.11";"Activities of business and employers membership organisations"
"S";"OTHER SERVICE ACTIVITIES";"94.12";"Activities of professional membership organisations"
"T";"ACTIVITIES OF HOUSEHOLDS AS EMPLOYERS; UNDIFFERENTIATED GOODS- AND SERVICES-PRODUCING ACTIVITIES OF HOUSEHOLDS FOR OWN USE";"97.00";"Activities of households as employers of domestic personnel"
"A";"AGRICULTURE, FORESTRY AND FISHING";"01.12";"Growing of rice"
"A";"AGRICULTURE, FORESTRY AND FISHING";"01.15";"Growing of tobacco"
"A";"AGRICULTURE, FORESTRY AND FISHING";"01.64";"Seed processing for propagation"
"A";"AGRICULTURE, FORESTRY AND FISHING";"01.70";"Hunting, trapping and related service activities"
"A";"AGRICULTURE, FORESTRY AND FISHING";"02.30";"Gathering of wild growing non-wood products"
"A";"AGRICULTURE, FORESTRY AND FISHING";"03.22";"Freshwater aquaculture"
"C";"MANUFACTURING";"10.20";"Processing and preserving of fish, crustaceans and molluscs"
"C";"MANUFACTURING";"10.62";"Manufacture of starches and starch products"
"C";"MANUFACTURING";"10.81";"Manufacture of sugar"
"C";"MANUFACTURING";"11.05";"Manufacture of beer"
"C";"MANUFACTURING";"11.07";"Manufacture of soft drinks; production of mineral waters and other bottled waters"
"C";"MANUFACTURING";"13.10";"Preparation and spinning of textile fibres"
"C";"MANUFACTURING";"17.11";"Manufacture of pulp"
"C";"MANUFACTURING";"17.22";"Manufacture of household and sanitary goods and of toilet requisites"
"C";"MANUFACTURING";"20.12";"Manufacture of dyes and pigments"
"C";"MANUFACTURING";"20.15";"Manufacture of fertilisers and nitrogen compounds"
"C";"MANUFACTURING";"20.16";"Manufacture of plastics in primary forms"
"C";"MANUFACTURING";"20.17";"Manufacture of synthetic rubber in primary forms"
"C";"MANUFACTURING";"20.20";"Manufacture of pesticides and other agrochemical products"
"C";"MANUFACTURING";"20.41";"Manufacture of soap and detergents, cleaning and polishing preparations"
"C";"MANUFACTURING";"20.51";"Manufacture of explosives"
"C";"MANUFACTURING";"20.52";"Manufacture of glues"
"C";"MANUFACTURING";"20.53";"Manufacture of essential oils"
"C";"MANUFACTURING";"20.60";"Manufacture of man-made fibres"
"C";"MANUFACTURING";"21.20";"Manufacture of pharmaceutical preparations"
"C";"MANUFACTURING";"23.13";"Manufacture of hollow glass"
"C";"MANUFACTURING";"23.9";"Manufacture of abrasive products and non-metallic mineral products n.e.c."
"C";"MANUFACTURING";"23.5";"Manufacture of cement, lime and plaster"
"C";"MANUFACTURING";"24.10";"Manufacture of basic iron and steel and of ferro-alloys"
"C";"MANUFACTURING";"24.51";"Casting of iron"
"C";"MANUFACTURING";"24.52";"Casting of steel"
"C";"MANUFACTURING";"25.2";"Manufacture of tanks, reservoirs and containers of metal"
"C";"MANUFACTURING";"30.2/30.1";"Manufacture of railway locomotives and rolling stock/Building of ships and boats"
"C";"MANUFACTURING";"25.92";"Manufacture of light metal packaging"
"C";"MANUFACTURING";"27.20";"Manufacture of batteries and accumulators"
"C";"MANUFACTURING";"27.3";"Manufacture of wiring and wiring devices"
"C";"MANUFACTURING";"30.30";"Manufacture of air and spacecraft and related machinery"
"F";"CONSTRUCTION";"42.13";"Construction of bridges and tunnels"
"F";"CONSTRUCTION";"42.91";"Construction of water projects"
"G";"WHOLESALE AND RETAIL TRADE; REPAIR OF MOTOR VEHICLES AND MOTORCYCLES";"46.13";"Agents involved in the sale of timber and building materials"
"G";"WHOLESALE AND RETAIL TRADE; REPAIR OF MOTOR VEHICLES AND MOTORCYCLES";"46.14";"Agents involved in the sale of machinery, industrial equipment, ships and aircraft"
"G";"WHOLESALE AND RETAIL TRADE; REPAIR OF MOTOR VEHICLES AND MOTORCYCLES";"46.17";"Agents involved in the sale of food, beverages and tobacco"
"G";"WHOLESALE AND RETAIL TRADE; REPAIR OF MOTOR VEHICLES AND MOTORCYCLES";"46.24";"Wholesale of hides, skins and leather"
"G";"WHOLESALE AND RETAIL TRADE; REPAIR OF MOTOR VEHICLES AND MOTORCYCLES";"46.33";"Wholesale of dairy products, eggs and edible oils and fats"
"G";"WHOLESALE AND RETAIL TRADE; REPAIR OF MOTOR VEHICLES AND MOTORCYCLES";"46.35";"Wholesale of tobacco products"
"G";"WHOLESALE AND RETAIL TRADE; REPAIR OF MOTOR VEHICLES AND MOTORCYCLES";"46.36";"Wholesale of sugar and chocolate and sugar confectionery"
"G";"WHOLESALE AND RETAIL TRADE; REPAIR OF MOTOR VEHICLES AND MOTORCYCLES";"46.37";"Wholesale of coffee, tea, cocoa and spices"
"G";"WHOLESALE AND RETAIL TRADE; REPAIR OF MOTOR VEHICLES AND MOTORCYCLES";"46.44";"Wholesale of china and glassware and cleaning materials"
"G";"WHOLESALE AND RETAIL TRADE; REPAIR OF MOTOR VEHICLES AND MOTORCYCLES";"46.47";"Wholesale of furniture, carpets and lighting equipment"
"G";"WHOLESALE AND RETAIL TRADE; REPAIR OF MOTOR VEHICLES AND MOTORCYCLES";"47.63";"Retail sale of music and video recordings in specialised stores"
"H";"TRANSPORTATION AND STORAGE";"50.10";"Sea and coastal passenger water transport"
"H";"TRANSPORTATION AND STORAGE";"50.20";"Sea and coastal freight water transport"
"H";"TRANSPORTATION AND STORAGE";"50.30";"Inland passenger water transport"
"H";"TRANSPORTATION AND STORAGE";"51.10";"Passenger air transport"
"J";"INFORMATION AND COMMUNICATION";"58.12";"Publishing of directories and mailing lists"
"J";"INFORMATION AND COMMUNICATION";"58.19";"Other publishing activities"
"J";"INFORMATION AND COMMUNICATION";"58.21";"Publishing of computer games"
"J";"INFORMATION AND COMMUNICATION";"59.13";"Motion picture, video and television programme distribution activities"
"J";"INFORMATION AND COMMUNICATION";"59.20";"Sound recording and music publishing activities"
"J";"INFORMATION AND COMMUNICATION";"60.20";"Television programming and broadcasting activities"
"J";"INFORMATION AND COMMUNICATION";"61.30";"Satellite telecommunications activities"
"J";"INFORMATION AND COMMUNICATION";"62.03";"Computer facilities management activities"
"K";"FINANCIAL AND INSURANCE ACTIVITIES";"64.11";"Central banking"
"K";"FINANCIAL AND INSURANCE ACTIVITIES";"64.99";"Other financial service activities, except insurance and pension funding n.e.c."
"K";"FINANCIAL AND INSURANCE ACTIVITIES";"65.20";"Reinsurance"
"K";"FINANCIAL AND INSURANCE ACTIVITIES";"65.30";"Pension funding"
"K";"FINANCIAL AND INSURANCE ACTIVITIES";"66.11";"Administration of financial markets"
"K";"FINANCIAL AND INSURANCE ACTIVITIES";"66.12";"Security and commodity contracts brokerage"
"K";"FINANCIAL AND INSURANCE ACTIVITIES";"66.29";"Other activities auxiliary to insurance and pension funding"
"M";"PROFESSIONAL, SCIENTIFIC AND TECHNICAL ACTIVITIES";"72.11";"Research and experimental development on biotechnology"
"M";"PROFESSIONAL, SCIENTIFIC AND TECHNICAL ACTIVITIES";"72.20";"Research and experimental development on social sciences and humanities"
"N";"ADMINISTRATIVE AND SUPPORT SERVICE ACTIVITIES";"77.12";"Rental and leasing of trucks"
"N";"ADMINISTRATIVE AND SUPPORT SERVICE ACTIVITIES";"77.40";"Leasing of intellectual property and similar products, except copyrighted works"
"N";"ADMINISTRATIVE AND SUPPORT SERVICE ACTIVITIES";"82.91";"Activities of collection agencies and credit bureaus"
"O";"PUBLIC ADMINISTRATION AND DEFENCE; COMPULSORY SOCIAL SECURITY";"84.21";"Foreign affairs"
"P";"EDUCATION";"85.60";"Educational support activities"
"R";"ARTS, ENTERTAINMENT AND RECREATION";"91.01";"Library and archives activities"
"S";"OTHER SERVICE ACTIVITIES";"94.92";"Activities of political organisations"
"S";"OTHER SERVICE ACTIVITIES";"95.12";"Repair of communication equipment"
"T";"ACTIVITIES OF HOUSEHOLDS AS EMPLOYERS; UNDIFFERENTIATED GOODS- AND SERVICES-PRODUCING ACTIVITIES OF HOUSEHOLDS FOR OWN USE";"98.20";"Undifferentiated service-producing activities of private households for own use"
