"Section";"Class";"Power_level";"Nb_customer"
"A";"01.11";"LV-a";119
"A";"01.11";"LV-b";81
"A";"01.11";"MV";195
"A";"01.12";"LV-a";0
"A";"01.12";"LV-b";0
"A";"01.12";"MV";4
"A";"01.13";"LV-a";10
"A";"01.13";"LV-b";11
"A";"01.13";"MV";105
"A";"01.15";"LV-a";0
"A";"01.15";"LV-b";0
"A";"01.15";"MV";1
"A";"01.19";"LV-a";5
"A";"01.19";"LV-b";0
"A";"01.19";"MV";23
"A";"01.21";"LV-a";160
"A";"01.21";"LV-b";15
"A";"01.21";"MV";53
"A";"01.24";"LV-a";18
"A";"01.24";"LV-b";10
"A";"01.24";"MV";66
"A";"01.25";"LV-a";1
"A";"01.25";"LV-b";1
"A";"01.25";"MV";1
"A";"01.28";"LV-a";0
"A";"01.28";"LV-b";1
"A";"01.28";"MV";0
"A";"01.29";"LV-a";1
"A";"01.29";"LV-b";0
"A";"01.29";"MV";1
"A";"01.30";"LV-a";0
"A";"01.30";"LV-b";1
"A";"01.30";"MV";15
"A";"01.41";"LV-a";6
"A";"01.41";"LV-b";22
"A";"01.41";"MV";6
"A";"01.42";"LV-a";10
"A";"01.42";"LV-b";5
"A";"01.42";"MV";4
"A";"01.43";"LV-a";2
"A";"01.43";"LV-b";1
"A";"01.43";"MV";6
"A";"01.45";"LV-a";7
"A";"01.45";"LV-b";0
"A";"01.45";"MV";4
"A";"01.46";"LV-a";2
"A";"01.46";"LV-b";52
"A";"01.46";"MV";21
"A";"01.47";"LV-a";2
"A";"01.47";"LV-b";30
"A";"01.47";"MV";86
"A";"01.49";"LV-a";1
"A";"01.49";"LV-b";0
"A";"01.49";"MV";9
"A";"01.5";"LV-a";18
"A";"01.5";"LV-b";42
"A";"01.5";"MV";24
"A";"01.61";"LV-a";3
"A";"01.61";"LV-b";4
"A";"01.61";"MV";49
"A";"01.62";"LV-a";2
"A";"01.62";"LV-b";0
"A";"01.62";"MV";4
"A";"01.63";"LV-a";0
"A";"01.63";"LV-b";1
"A";"01.63";"MV";0
"A";"01.64";"LV-a";0
"A";"01.64";"LV-b";0
"A";"01.64";"MV";1
"A";"01.70";"LV-a";0
"A";"01.70";"LV-b";0
"A";"01.70";"MV";1
"A";"02.10";"LV-a";1
"A";"02.10";"LV-b";1
"A";"02.10";"MV";3
"A";"02.20";"LV-a";0
"A";"02.20";"LV-b";1
"A";"02.20";"MV";37
"A";"02.30";"LV-a";0
"A";"02.30";"LV-b";0
"A";"02.30";"MV";1
"A";"02.40";"LV-a";0
"A";"02.40";"LV-b";1
"A";"02.40";"MV";4
"A";"03.21";"LV-a";0
"A";"03.21";"LV-b";1
"A";"03.21";"MV";22
"A";"03.22";"LV-a";0
"A";"03.22";"LV-b";0
"A";"03.22";"MV";3
"B";"5/6/7/8";"LV-a";11
"B";"5/6/7/8";"LV-b";6
"B";"5/6/7/8";"MV";1135
"C";"10.1";"LV-a";9
"C";"10.1";"LV-b";3
"C";"10.1";"MV";600
"C";"10.20";"LV-a";0
"C";"10.20";"LV-b";0
"C";"10.20";"MV";83
"C";"10.3";"LV-a";2
"C";"10.3";"LV-b";0
"C";"10.3";"MV";177
"C";"10.4";"LV-a";2
"C";"10.4";"LV-b";0
"C";"10.4";"MV";29
"C";"10.5";"LV-a";1
"C";"10.5";"LV-b";2
"C";"10.5";"MV";364
"C";"10.61";"LV-a";0
"C";"10.61";"LV-b";1
"C";"10.61";"MV";164
"C";"10.62";"LV-a";0
"C";"10.62";"LV-b";0
"C";"10.62";"MV";3
"C";"10.71";"LV-a";46
"C";"10.71";"LV-b";83
"C";"10.71";"MV";337
"C";"10.81";"LV-a";0
"C";"10.81";"LV-b";0
"C";"10.81";"MV";40
"C";"10.89";"LV-a";3
"C";"10.89";"LV-b";3
"C";"10.89";"MV";390
"C";"10.9";"LV-a";1
"C";"10.9";"LV-b";1
"C";"10.9";"MV";261
"C";"11.01";"LV-a";3
"C";"11.01";"LV-b";1
"C";"11.01";"MV";46
"C";"11.02";"LV-a";6
"C";"11.02";"LV-b";6
"C";"11.02";"MV";323
"C";"11.05";"LV-a";0
"C";"11.05";"LV-b";0
"C";"11.05";"MV";21
"C";"11.07";"LV-a";0
"C";"11.07";"LV-b";0
"C";"11.07";"MV";91
"C";"13.10";"LV-a";0
"C";"13.10";"LV-b";0
"C";"13.10";"MV";89
"C";"13.2/13.3";"LV-a";2
"C";"13.2/13.3";"LV-b";2
"C";"13.2/13.3";"MV";119
"C";"13.9";"LV-a";2
"C";"13.9";"LV-b";0
"C";"13.9";"MV";139
"C";"14.1";"LV-a";7
"C";"14.1";"LV-b";3
"C";"14.1";"MV";57
"C";"15";"LV-a";1
"C";"15";"LV-b";1
"C";"15";"MV";89
"C";"16.2";"LV-a";2
"C";"16.2";"LV-b";9
"C";"16.2";"MV";715
"C";"17.11";"LV-a";0
"C";"17.11";"LV-b";0
"C";"17.11";"MV";3
"C";"17.12";"LV-a";3
"C";"17.12";"LV-b";3
"C";"17.12";"MV";158
"C";"17.21";"LV-a";0
"C";"17.21";"LV-b";4
"C";"17.21";"MV";197
"C";"17.22";"LV-a";0
"C";"17.22";"LV-b";0
"C";"17.22";"MV";30
"C";"18.1";"LV-a";13
"C";"18.1";"LV-b";4
"C";"18.1";"MV";373
"C";"20.11";"LV-a";0
"C";"20.11";"LV-b";1
"C";"20.11";"MV";20
"C";"20.12";"LV-a";0
"C";"20.12";"LV-b";0
"C";"20.12";"MV";18
"C";"20.13";"LV-a";1
"C";"20.13";"LV-b";0
"C";"20.13";"MV";32
"C";"20.14";"LV-a";0
"C";"20.14";"LV-b";1
"C";"20.14";"MV";97
"C";"20.15";"LV-a";0
"C";"20.15";"LV-b";0
"C";"20.15";"MV";37
"C";"20.16";"LV-a";0
"C";"20.16";"LV-b";0
"C";"20.16";"MV";63
"C";"20.17";"LV-a";0
"C";"20.17";"LV-b";0
"C";"20.17";"MV";2
"C";"20.20";"LV-a";0
"C";"20.20";"LV-b";0
"C";"20.20";"MV";30
"C";"20.30";"LV-a";1
"C";"20.30";"LV-b";0
"C";"20.30";"MV";84
"C";"20.41";"LV-a";0
"C";"20.41";"LV-b";0
"C";"20.41";"MV";23
"C";"20.42";"LV-a";0
"C";"20.42";"LV-b";3
"C";"20.42";"MV";109
"C";"20.51";"LV-a";0
"C";"20.51";"LV-b";0
"C";"20.51";"MV";13
"C";"20.52";"LV-a";0
"C";"20.52";"LV-b";0
"C";"20.52";"MV";18
"C";"20.53";"LV-a";0
"C";"20.53";"LV-b";0
"C";"20.53";"MV";24
"C";"20.59";"LV-a";2
"C";"20.59";"LV-b";0
"C";"20.59";"MV";80
"C";"20.60";"LV-a";0
"C";"20.60";"LV-b";0
"C";"20.60";"MV";2
"C";"21.10";"LV-a";0
"C";"21.10";"LV-b";1
"C";"21.10";"MV";40
"C";"21.20";"LV-a";0
"C";"21.20";"LV-b";0
"C";"21.20";"MV";213
"C";"22.1";"LV-a";0
"C";"22.1";"LV-b";2
"C";"22.1";"MV";156
"C";"22.2";"LV-a";3
"C";"22.2";"LV-b";9
"C";"22.2";"MV";1195
"C";"23.11";"LV-a";1
"C";"23.11";"LV-b";0
"C";"23.11";"MV";80
"C";"23.13";"LV-a";0
"C";"23.13";"LV-b";0
"C";"23.13";"MV";47
"C";"23.19";"LV-a";2
"C";"23.19";"LV-b";0
"C";"23.19";"MV";28
"C";"23.4/23.3";"LV-a";2
"C";"23.4/23.3";"LV-b";1
"C";"23.4/23.3";"MV";50
"C";"23.5";"LV-a";0
"C";"23.5";"LV-b";0
"C";"23.5";"MV";62
"C";"23.6";"LV-a";0
"C";"23.6";"LV-b";10
"C";"23.6";"MV";323
"C";"23.9";"LV-a";0
"C";"23.9";"LV-b";0
"C";"23.9";"MV";330
"C";"24.10";"LV-a";0
"C";"24.10";"LV-b";0
"C";"24.10";"MV";18
"C";"24.20";"LV-a";0
"C";"24.20";"LV-b";1
"C";"24.20";"MV";42
"C";"24.3";"LV-a";0
"C";"24.3";"LV-b";1
"C";"24.3";"MV";47
"C";"24.42";"LV-a";0
"C";"24.42";"LV-b";2
"C";"24.42";"MV";30
"C";"24.5";"LV-a";0
"C";"24.5";"LV-b";1
"C";"24.5";"MV";36
"C";"24.51";"LV-a";0
"C";"24.51";"LV-b";0
"C";"24.51";"MV";54
"C";"24.52";"LV-a";0
"C";"24.52";"LV-b";0
"C";"24.52";"MV";28
"C";"24.53";"LV-a";0
"C";"24.53";"LV-b";1
"C";"24.53";"MV";83
"C";"25.12";"LV-a";6
"C";"25.12";"LV-b";6
"C";"25.12";"MV";224
"C";"25.2";"LV-a";0
"C";"25.2";"LV-b";0
"C";"25.2";"MV";55
"C";"25.50";"LV-a";2
"C";"25.50";"LV-b";6
"C";"25.50";"MV";290
"C";"25.61";"LV-a";1
"C";"25.61";"LV-b";5
"C";"25.61";"MV";339
"C";"25.62";"LV-a";7
"C";"25.62";"LV-b";15
"C";"25.62";"MV";354
"C";"25.7";"LV-a";2
"C";"25.7";"LV-b";4
"C";"25.7";"MV";160
"C";"25.92";"LV-a";0
"C";"25.92";"LV-b";0
"C";"25.92";"MV";66
"C";"25.99";"LV-a";2
"C";"25.99";"LV-b";7
"C";"25.99";"MV";222
"C";"26.40";"LV-a";4
"C";"26.40";"LV-b";3
"C";"26.40";"MV";238
"C";"26.5";"LV-a";1
"C";"26.5";"LV-b";3
"C";"26.5";"MV";118
"C";"27.1";"LV-a";2
"C";"27.1";"LV-b";1
"C";"27.1";"MV";224
"C";"27.20";"LV-a";0
"C";"27.20";"LV-b";0
"C";"27.20";"MV";7
"C";"27.3";"LV-a";0
"C";"27.3";"LV-b";0
"C";"27.3";"MV";50
"C";"27.40";"LV-a";1
"C";"27.40";"LV-b";1
"C";"27.40";"MV";38
"C";"27.90";"LV-a";12
"C";"27.90";"LV-b";3
"C";"27.90";"MV";167
"C";"28.4";"LV-a";7
"C";"28.4";"LV-b";10
"C";"28.4";"MV";555
"C";"29.10";"LV-a";0
"C";"29.10";"LV-b";2
"C";"29.10";"MV";140
"C";"29.3";"LV-a";0
"C";"29.3";"LV-b";2
"C";"29.3";"MV";199
"C";"30.2/30.1";"LV-a";0
"C";"30.2/30.1";"LV-b";0
"C";"30.2/30.1";"MV";106
"C";"30.30";"LV-a";0
"C";"30.30";"LV-b";0
"C";"30.30";"MV";118
"C";"31.01";"LV-a";17
"C";"31.01";"LV-b";6
"C";"31.01";"MV";198
"C";"31.03";"LV-a";1
"C";"31.03";"LV-b";0
"C";"31.03";"MV";15
"C";"32";"LV-a";6
"C";"32";"LV-b";1
"C";"32";"MV";104
"C";"33.12";"LV-a";20
"C";"33.12";"LV-b";12
"C";"33.12";"MV";142
"C";"33.17/33.16/33.15";"LV-a";1
"C";"33.17/33.16/33.15";"LV-b";0
"C";"33.17/33.16/33.15";"MV";40
"D";"35";"LV-a";8
"D";"35";"LV-b";26
"D";"35";"MV";901
"E";"36";"LV-a";54
"E";"36";"LV-b";34
"E";"36";"MV";1721
"E";"38";"LV-a";6
"E";"38";"LV-b";13
"E";"38";"MV";759
"F";"41.10";"LV-a";15
"F";"41.10";"LV-b";13
"F";"41.10";"MV";131
"F";"41.20";"LV-a";5
"F";"41.20";"LV-b";9
"F";"41.20";"MV";98
"F";"42.11";"LV-a";0
"F";"42.11";"LV-b";4
"F";"42.11";"MV";121
"F";"42.12";"LV-a";2
"F";"42.12";"LV-b";1
"F";"42.12";"MV";11
"F";"42.13";"LV-a";0
"F";"42.13";"LV-b";0
"F";"42.13";"MV";16
"F";"42.21";"LV-a";0
"F";"42.21";"LV-b";2
"F";"42.21";"MV";10
"F";"42.22";"LV-a";5
"F";"42.22";"LV-b";0
"F";"42.22";"MV";3
"F";"42.91";"LV-a";0
"F";"42.91";"LV-b";0
"F";"42.91";"MV";7
"F";"42.99";"LV-a";1
"F";"42.99";"LV-b";4
"F";"42.99";"MV";448
"F";"43.11";"LV-a";1
"F";"43.11";"LV-b";0
"F";"43.11";"MV";8
"F";"43.12";"LV-a";10
"F";"43.12";"LV-b";1
"F";"43.12";"MV";73
"F";"43.21";"LV-a";24
"F";"43.21";"LV-b";2
"F";"43.21";"MV";28
"F";"43.22";"LV-a";22
"F";"43.22";"LV-b";2
"F";"43.22";"MV";55
"F";"43.29";"LV-a";3
"F";"43.29";"LV-b";0
"F";"43.29";"MV";8
"F";"43.31";"LV-a";6
"F";"43.31";"LV-b";1
"F";"43.31";"MV";0
"F";"43.32";"LV-a";60
"F";"43.32";"LV-b";16
"F";"43.32";"MV";55
"F";"43.33";"LV-a";6
"F";"43.33";"LV-b";0
"F";"43.33";"MV";4
"F";"43.34";"LV-a";18
"F";"43.34";"LV-b";3
"F";"43.34";"MV";14
"F";"43.39";"LV-a";3
"F";"43.39";"LV-b";0
"F";"43.39";"MV";1
"F";"43.91";"LV-a";31
"F";"43.91";"LV-b";6
"F";"43.91";"MV";17
"F";"43.99";"LV-a";41
"F";"43.99";"LV-b";6
"F";"43.99";"MV";34
"G";"45.11";"LV-a";25
"G";"45.11";"LV-b";31
"G";"45.11";"MV";115
"G";"45.19";"LV-a";1
"G";"45.19";"LV-b";2
"G";"45.19";"MV";12
"G";"45.20";"LV-a";54
"G";"45.20";"LV-b";14
"G";"45.20";"MV";21
"G";"45.31";"LV-a";2
"G";"45.31";"LV-b";5
"G";"45.31";"MV";29
"G";"45.32";"LV-a";5
"G";"45.32";"LV-b";7
"G";"45.32";"MV";12
"G";"45.40";"LV-a";8
"G";"45.40";"LV-b";0
"G";"45.40";"MV";2
"G";"46.11";"LV-a";1
"G";"46.11";"LV-b";0
"G";"46.11";"MV";5
"G";"46.12";"LV-a";1
"G";"46.12";"LV-b";0
"G";"46.12";"MV";5
"G";"46.13";"LV-a";0
"G";"46.13";"LV-b";0
"G";"46.13";"MV";2
"G";"46.14";"LV-a";0
"G";"46.14";"LV-b";0
"G";"46.14";"MV";2
"G";"46.15";"LV-a";1
"G";"46.15";"LV-b";1
"G";"46.15";"MV";2
"G";"46.16";"LV-a";2
"G";"46.16";"LV-b";0
"G";"46.16";"MV";2
"G";"46.17";"LV-a";0
"G";"46.17";"LV-b";0
"G";"46.17";"MV";77
"G";"46.18";"LV-a";5
"G";"46.18";"LV-b";0
"G";"46.18";"MV";14
"G";"46.19";"LV-a";5
"G";"46.19";"LV-b";2
"G";"46.19";"MV";30
"G";"46.21";"LV-a";9
"G";"46.21";"LV-b";15
"G";"46.21";"MV";673
"G";"46.22";"LV-a";0
"G";"46.22";"LV-b";1
"G";"46.22";"MV";4
"G";"46.23";"LV-a";2
"G";"46.23";"LV-b";0
"G";"46.23";"MV";19
"G";"46.24";"LV-a";0
"G";"46.24";"LV-b";0
"G";"46.24";"MV";2
"G";"46.31";"LV-a";2
"G";"46.31";"LV-b";2
"G";"46.31";"MV";247
"G";"46.32";"LV-a";2
"G";"46.32";"LV-b";1
"G";"46.32";"MV";31
"G";"46.33";"LV-a";0
"G";"46.33";"LV-b";0
"G";"46.33";"MV";68
"G";"46.34";"LV-a";9
"G";"46.34";"LV-b";1
"G";"46.34";"MV";95
"G";"46.35";"LV-a";0
"G";"46.35";"LV-b";0
"G";"46.35";"MV";7
"G";"46.36";"LV-a";0
"G";"46.36";"LV-b";0
"G";"46.36";"MV";6
"G";"46.37";"LV-a";0
"G";"46.37";"LV-b";0
"G";"46.37";"MV";2
"G";"46.38";"LV-a";2
"G";"46.38";"LV-b";6
"G";"46.38";"MV";60
"G";"46.39";"LV-a";3
"G";"46.39";"LV-b";1
"G";"46.39";"MV";205
"G";"46.41";"LV-a";1
"G";"46.41";"LV-b";0
"G";"46.41";"MV";10
"G";"46.42";"LV-a";2
"G";"46.42";"LV-b";2
"G";"46.42";"MV";23
"G";"46.43";"LV-a";3
"G";"46.43";"LV-b";2
"G";"46.43";"MV";12
"G";"46.44";"LV-a";0
"G";"46.44";"LV-b";0
"G";"46.44";"MV";8
"G";"46.45";"LV-a";0
"G";"46.45";"LV-b";3
"G";"46.45";"MV";14
"G";"46.46";"LV-a";2
"G";"46.46";"LV-b";1
"G";"46.46";"MV";66
"G";"46.47";"LV-a";0
"G";"46.47";"LV-b";0
"G";"46.47";"MV";5
"G";"46.48";"LV-a";0
"G";"46.48";"LV-b";1
"G";"46.48";"MV";0
"G";"46.49";"LV-a";9
"G";"46.49";"LV-b";1
"G";"46.49";"MV";43
"G";"46.51";"LV-a";6
"G";"46.51";"LV-b";2
"G";"46.51";"MV";15
"G";"46.52";"LV-a";1
"G";"46.52";"LV-b";3
"G";"46.52";"MV";18
"G";"46.61";"LV-a";9
"G";"46.61";"LV-b";4
"G";"46.61";"MV";20
"G";"46.62";"LV-a";0
"G";"46.62";"LV-b";1
"G";"46.62";"MV";3
"G";"46.63";"LV-a";0
"G";"46.63";"LV-b";1
"G";"46.63";"MV";14
"G";"46.65";"LV-a";1
"G";"46.65";"LV-b";0
"G";"46.65";"MV";2
"G";"46.66";"LV-a";3
"G";"46.66";"LV-b";1
"G";"46.66";"MV";5
"G";"46.69";"LV-a";13
"G";"46.69";"LV-b";9
"G";"46.69";"MV";257
"G";"46.71";"LV-a";0
"G";"46.71";"LV-b";1
"G";"46.71";"MV";39
"G";"46.72";"LV-a";0
"G";"46.72";"LV-b";3
"G";"46.72";"MV";55
"G";"46.73";"LV-a";6
"G";"46.73";"LV-b";8
"G";"46.73";"MV";136
"G";"46.74";"LV-a";2
"G";"46.74";"LV-b";5
"G";"46.74";"MV";29
"G";"46.75";"LV-a";3
"G";"46.75";"LV-b";1
"G";"46.75";"MV";49
"G";"46.76";"LV-a";3
"G";"46.76";"LV-b";0
"G";"46.76";"MV";28
"G";"46.77";"LV-a";1
"G";"46.77";"LV-b";0
"G";"46.77";"MV";5
"G";"46.90";"LV-a";9
"G";"46.90";"LV-b";1
"G";"46.90";"MV";34
"G";"47.11";"LV-a";26
"G";"47.11";"LV-b";60
"G";"47.11";"MV";3382
"G";"47.19";"LV-a";0
"G";"47.19";"LV-b";2
"G";"47.19";"MV";149
"G";"47.21";"LV-a";4
"G";"47.21";"LV-b";4
"G";"47.21";"MV";7
"G";"47.22";"LV-a";30
"G";"47.22";"LV-b";4
"G";"47.22";"MV";10
"G";"47.23";"LV-a";2
"G";"47.23";"LV-b";0
"G";"47.23";"MV";5
"G";"47.24";"LV-a";3
"G";"47.24";"LV-b";3
"G";"47.24";"MV";1
"G";"47.25";"LV-a";9
"G";"47.25";"LV-b";1
"G";"47.25";"MV";4
"G";"47.26";"LV-a";2
"G";"47.26";"LV-b";0
"G";"47.26";"MV";1
"G";"47.29";"LV-a";8
"G";"47.29";"LV-b";2
"G";"47.29";"MV";16
"G";"47.30";"LV-a";5
"G";"47.30";"LV-b";10
"G";"47.30";"MV";31
"G";"47.41";"LV-a";2
"G";"47.41";"LV-b";1
"G";"47.41";"MV";11
"G";"47.42";"LV-a";1
"G";"47.42";"LV-b";0
"G";"47.42";"MV";11
"G";"47.43";"LV-a";0
"G";"47.43";"LV-b";2
"G";"47.43";"MV";27
"G";"47.51";"LV-a";7
"G";"47.51";"LV-b";2
"G";"47.51";"MV";4
"G";"47.52";"LV-a";5
"G";"47.52";"LV-b";16
"G";"47.52";"MV";325
"G";"47.53";"LV-a";1
"G";"47.53";"LV-b";2
"G";"47.53";"MV";2
"G";"47.54";"LV-a";1
"G";"47.54";"LV-b";1
"G";"47.54";"MV";58
"G";"47.59";"LV-a";18
"G";"47.59";"LV-b";14
"G";"47.59";"MV";197
"G";"47.61";"LV-a";5
"G";"47.61";"LV-b";0
"G";"47.61";"MV";7
"G";"47.62";"LV-a";11
"G";"47.62";"LV-b";3
"G";"47.62";"MV";15
"G";"47.63";"LV-a";0
"G";"47.63";"LV-b";0
"G";"47.63";"MV";1
"G";"47.64";"LV-a";7
"G";"47.64";"LV-b";5
"G";"47.64";"MV";108
"G";"47.65";"LV-a";0
"G";"47.65";"LV-b";2
"G";"47.65";"MV";20
"G";"47.71";"LV-a";33
"G";"47.71";"LV-b";32
"G";"47.71";"MV";90
"G";"47.72";"LV-a";11
"G";"47.72";"LV-b";5
"G";"47.72";"MV";6
"G";"47.73";"LV-a";37
"G";"47.73";"LV-b";0
"G";"47.73";"MV";5
"G";"47.74";"LV-a";6
"G";"47.74";"LV-b";1
"G";"47.74";"MV";1
"G";"47.75";"LV-a";9
"G";"47.75";"LV-b";4
"G";"47.75";"MV";9
"G";"47.76";"LV-a";24
"G";"47.76";"LV-b";5
"G";"47.76";"MV";18
"G";"47.77";"LV-a";7
"G";"47.77";"LV-b";1
"G";"47.77";"MV";4
"G";"47.78";"LV-a";36
"G";"47.78";"LV-b";9
"G";"47.78";"MV";41
"G";"47.79";"LV-a";10
"G";"47.79";"LV-b";0
"G";"47.79";"MV";3
"G";"47.81";"LV-a";6
"G";"47.81";"LV-b";2
"G";"47.81";"MV";2
"G";"47.82";"LV-a";1
"G";"47.82";"LV-b";0
"G";"47.82";"MV";0
"G";"47.89";"LV-a";2
"G";"47.89";"LV-b";1
"G";"47.89";"MV";2
"G";"47.91";"LV-a";2
"G";"47.91";"LV-b";1
"G";"47.91";"MV";40
"G";"47.99";"LV-a";10
"G";"47.99";"LV-b";0
"G";"47.99";"MV";3
"H";"49.10";"LV-a";6
"H";"49.10";"LV-b";10
"H";"49.10";"MV";198
"H";"49.20";"LV-a";12
"H";"49.20";"LV-b";0
"H";"49.20";"MV";5
"H";"49.31";"LV-a";0
"H";"49.31";"LV-b";4
"H";"49.31";"MV";424
"H";"49.32";"LV-a";4
"H";"49.32";"LV-b";0
"H";"49.32";"MV";1
"H";"49.39";"LV-a";1
"H";"49.39";"LV-b";7
"H";"49.39";"MV";425
"H";"49.41";"LV-a";10
"H";"49.41";"LV-b";12
"H";"49.41";"MV";230
"H";"49.42";"LV-a";1
"H";"49.42";"LV-b";1
"H";"49.42";"MV";3
"H";"49.50";"LV-a";0
"H";"49.50";"LV-b";2
"H";"49.50";"MV";79
"H";"50.10";"LV-a";0
"H";"50.10";"LV-b";0
"H";"50.10";"MV";2
"H";"50.20";"LV-a";0
"H";"50.20";"LV-b";0
"H";"50.20";"MV";4
"H";"50.30";"LV-a";0
"H";"50.30";"LV-b";0
"H";"50.30";"MV";1
"H";"50.40";"LV-a";0
"H";"50.40";"LV-b";1
"H";"50.40";"MV";4
"H";"51.10";"LV-a";0
"H";"51.10";"LV-b";0
"H";"51.10";"MV";24
"H";"51.21";"LV-a";0
"H";"51.21";"LV-b";1
"H";"51.21";"MV";0
"H";"52.10";"LV-a";2
"H";"52.10";"LV-b";16
"H";"52.10";"MV";719
"H";"52.21";"LV-a";3
"H";"52.21";"LV-b";8
"H";"52.21";"MV";204
"H";"52.22";"LV-a";0
"H";"52.22";"LV-b";1
"H";"52.22";"MV";108
"H";"52.23";"LV-a";0
"H";"52.23";"LV-b";1
"H";"52.23";"MV";67
"H";"52.24";"LV-a";1
"H";"52.24";"LV-b";1
"H";"52.24";"MV";51
"H";"52.29";"LV-a";2
"H";"52.29";"LV-b";11
"H";"52.29";"MV";153
"H";"53.10";"LV-a";9
"H";"53.10";"LV-b";5
"H";"53.10";"MV";57
"H";"53.20";"LV-a";0
"H";"53.20";"LV-b";1
"H";"53.20";"MV";2
"I";"55.10";"LV-a";43
"I";"55.10";"LV-b";35
"I";"55.10";"MV";792
"I";"55.20";"LV-a";17
"I";"55.20";"LV-b";6
"I";"55.20";"MV";284
"I";"55.30";"LV-a";4
"I";"55.30";"LV-b";22
"I";"55.30";"MV";217
"I";"55.90";"LV-a";3
"I";"55.90";"LV-b";11
"I";"55.90";"MV";62
"I";"56.10";"LV-a";170
"I";"56.10";"LV-b";76
"I";"56.10";"MV";190
"I";"56.21";"LV-a";6
"I";"56.21";"LV-b";5
"I";"56.21";"MV";16
"I";"56.29";"LV-a";5
"I";"56.29";"LV-b";3
"I";"56.29";"MV";199
"I";"56.30";"LV-a";39
"I";"56.30";"LV-b";11
"I";"56.30";"MV";8
"J";"58.11";"LV-a";2
"J";"58.11";"LV-b";0
"J";"58.11";"MV";8
"J";"58.12";"LV-a";0
"J";"58.12";"LV-b";0
"J";"58.12";"MV";1
"J";"58.13";"LV-a";3
"J";"58.13";"LV-b";1
"J";"58.13";"MV";29
"J";"58.14";"LV-a";1
"J";"58.14";"LV-b";1
"J";"58.14";"MV";13
"J";"58.19";"LV-a";0
"J";"58.19";"LV-b";0
"J";"58.19";"MV";7
"J";"58.21";"LV-a";0
"J";"58.21";"LV-b";0
"J";"58.21";"MV";1
"J";"58.29";"LV-a";3
"J";"58.29";"LV-b";0
"J";"58.29";"MV";14
"J";"59.11";"LV-a";2
"J";"59.11";"LV-b";0
"J";"59.11";"MV";17
"J";"59.12";"LV-a";1
"J";"59.12";"LV-b";1
"J";"59.12";"MV";26
"J";"59.13";"LV-a";0
"J";"59.13";"LV-b";0
"J";"59.13";"MV";7
"J";"59.14";"LV-a";0
"J";"59.14";"LV-b";2
"J";"59.14";"MV";124
"J";"59.20";"LV-a";0
"J";"59.20";"LV-b";0
"J";"59.20";"MV";3
"J";"60.10";"LV-a";1
"J";"60.10";"LV-b";1
"J";"60.10";"MV";5
"J";"60.20";"LV-a";0
"J";"60.20";"LV-b";0
"J";"60.20";"MV";36
"J";"61.10";"LV-a";4
"J";"61.10";"LV-b";3
"J";"61.10";"MV";294
"J";"61.20";"LV-a";2
"J";"61.20";"LV-b";6
"J";"61.20";"MV";119
"J";"61.30";"LV-a";0
"J";"61.30";"LV-b";0
"J";"61.30";"MV";7
"J";"61.90";"LV-a";4
"J";"61.90";"LV-b";1
"J";"61.90";"MV";100
"J";"62.01";"LV-a";11
"J";"62.01";"LV-b";2
"J";"62.01";"MV";13
"J";"62.02";"LV-a";16
"J";"62.02";"LV-b";1
"J";"62.02";"MV";113
"J";"62.03";"LV-a";0
"J";"62.03";"LV-b";0
"J";"62.03";"MV";16
"J";"62.09";"LV-a";1
"J";"62.09";"LV-b";0
"J";"62.09";"MV";4
"J";"63.11";"LV-a";1
"J";"63.11";"LV-b";3
"J";"63.11";"MV";88
"J";"63.12";"LV-a";1
"J";"63.12";"LV-b";0
"J";"63.12";"MV";1
"J";"63.91";"LV-a";1
"J";"63.91";"LV-b";0
"J";"63.91";"MV";1
"J";"63.99";"LV-a";0
"J";"63.99";"LV-b";1
"J";"63.99";"MV";2
"K";"64.11";"LV-a";0
"K";"64.11";"LV-b";0
"K";"64.11";"MV";15
"K";"64.19";"LV-a";33
"K";"64.19";"LV-b";24
"K";"64.19";"MV";272
"K";"64.20";"LV-a";35
"K";"64.20";"LV-b";17
"K";"64.20";"MV";416
"K";"64.30";"LV-a";8
"K";"64.30";"LV-b";0
"K";"64.30";"MV";65
"K";"64.91";"LV-a";0
"K";"64.91";"LV-b";1
"K";"64.91";"MV";14
"K";"64.92";"LV-a";5
"K";"64.92";"LV-b";0
"K";"64.92";"MV";23
"K";"64.99";"LV-a";0
"K";"64.99";"LV-b";0
"K";"64.99";"MV";3
"K";"65.11";"LV-a";3
"K";"65.11";"LV-b";0
"K";"65.11";"MV";39
"K";"65.12";"LV-a";7
"K";"65.12";"LV-b";7
"K";"65.12";"MV";90
"K";"65.20";"LV-a";0
"K";"65.20";"LV-b";0
"K";"65.20";"MV";5
"K";"65.30";"LV-a";0
"K";"65.30";"LV-b";0
"K";"65.30";"MV";1
"K";"66.11";"LV-a";0
"K";"66.11";"LV-b";0
"K";"66.11";"MV";4
"K";"66.12";"LV-a";0
"K";"66.12";"LV-b";0
"K";"66.12";"MV";1
"K";"66.19";"LV-a";23
"K";"66.19";"LV-b";1
"K";"66.19";"MV";33
"K";"66.22";"LV-a";26
"K";"66.22";"LV-b";0
"K";"66.22";"MV";22
"K";"66.29";"LV-a";0
"K";"66.29";"LV-b";0
"K";"66.29";"MV";3
"K";"66.30";"LV-a";6
"K";"66.30";"LV-b";1
"K";"66.30";"MV";68
"L";"68.10";"LV-a";13
"L";"68.10";"LV-b";6
"L";"68.10";"MV";76
"L";"68.20";"LV-a";522
"L";"68.20";"LV-b";149
"L";"68.20";"MV";1880
"L";"68.31";"LV-a";102
"L";"68.31";"LV-b";22
"L";"68.31";"MV";297
"L";"68.32";"LV-a";1500
"L";"68.32";"LV-b";56
"L";"68.32";"MV";1629
"M";"69.10";"LV-a";40
"M";"69.10";"LV-b";3
"M";"69.10";"MV";15
"M";"69.20";"LV-a";38
"M";"69.20";"LV-b";1
"M";"69.20";"MV";18
"M";"70.10";"LV-a";22
"M";"70.10";"LV-b";26
"M";"70.10";"MV";616
"M";"70.21";"LV-a";2
"M";"70.21";"LV-b";0
"M";"70.21";"MV";0
"M";"70.22";"LV-a";32
"M";"70.22";"LV-b";3
"M";"70.22";"MV";80
"M";"71.11";"LV-a";26
"M";"71.11";"LV-b";1
"M";"71.11";"MV";4
"M";"71.12";"LV-a";24
"M";"71.12";"LV-b";6
"M";"71.12";"MV";224
"M";"71.20";"LV-a";23
"M";"71.20";"LV-b";3
"M";"71.20";"MV";56
"M";"72.11";"LV-a";0
"M";"72.11";"LV-b";0
"M";"72.11";"MV";35
"M";"72.19";"LV-a";1
"M";"72.19";"LV-b";3
"M";"72.19";"MV";250
"M";"72.20";"LV-a";0
"M";"72.20";"LV-b";0
"M";"72.20";"MV";17
"M";"73.11";"LV-a";16
"M";"73.11";"LV-b";3
"M";"73.11";"MV";24
"M";"73.12";"LV-a";5
"M";"73.12";"LV-b";0
"M";"73.12";"MV";9
"M";"73.20";"LV-a";2
"M";"73.20";"LV-b";3
"M";"73.20";"MV";8
"M";"74.10";"LV-a";2
"M";"74.10";"LV-b";0
"M";"74.10";"MV";4
"M";"74.20";"LV-a";8
"M";"74.20";"LV-b";1
"M";"74.20";"MV";4
"M";"74.30";"LV-a";3
"M";"74.30";"LV-b";0
"M";"74.30";"MV";3
"M";"74.90";"LV-a";8
"M";"74.90";"LV-b";0
"M";"74.90";"MV";41
"M";"75.00";"LV-a";6
"M";"75.00";"LV-b";0
"M";"75.00";"MV";0
"N";"77.11";"LV-a";5
"N";"77.11";"LV-b";1
"N";"77.11";"MV";3
"N";"77.12";"LV-a";0
"N";"77.12";"LV-b";0
"N";"77.12";"MV";6
"N";"77.22";"LV-a";1
"N";"77.22";"LV-b";0
"N";"77.22";"MV";0
"N";"77.29";"LV-a";2
"N";"77.29";"LV-b";3
"N";"77.29";"MV";75
"N";"77.31";"LV-a";0
"N";"77.31";"LV-b";2
"N";"77.31";"MV";8
"N";"77.32";"LV-a";15
"N";"77.32";"LV-b";1
"N";"77.32";"MV";9
"N";"77.33";"LV-a";4
"N";"77.33";"LV-b";0
"N";"77.33";"MV";0
"N";"77.39";"LV-a";1
"N";"77.39";"LV-b";0
"N";"77.39";"MV";16
"N";"77.40";"LV-a";0
"N";"77.40";"LV-b";0
"N";"77.40";"MV";5
"N";"78.10";"LV-a";2
"N";"78.10";"LV-b";0
"N";"78.10";"MV";2
"N";"78.20";"LV-a";4
"N";"78.20";"LV-b";0
"N";"78.20";"MV";0
"N";"78.30";"LV-a";5
"N";"78.30";"LV-b";0
"N";"78.30";"MV";11
"N";"79.11";"LV-a";5
"N";"79.11";"LV-b";0
"N";"79.11";"MV";16
"N";"79.12";"LV-a";1
"N";"79.12";"LV-b";0
"N";"79.12";"MV";0
"N";"79.90";"LV-a";1
"N";"79.90";"LV-b";1
"N";"79.90";"MV";12
"N";"80.10";"LV-a";0
"N";"80.10";"LV-b";1
"N";"80.10";"MV";2
"N";"80.20";"LV-a";0
"N";"80.20";"LV-b";2
"N";"80.20";"MV";1
"N";"81.10";"LV-a";52
"N";"81.10";"LV-b";7
"N";"81.10";"MV";184
"N";"81.21";"LV-a";6
"N";"81.21";"LV-b";2
"N";"81.21";"MV";3
"N";"81.22";"LV-a";3
"N";"81.22";"LV-b";0
"N";"81.22";"MV";3
"N";"81.29";"LV-a";1
"N";"81.29";"LV-b";0
"N";"81.29";"MV";7
"N";"81.30";"LV-a";10
"N";"81.30";"LV-b";1
"N";"81.30";"MV";7
"N";"82.11";"LV-a";1
"N";"82.11";"LV-b";1
"N";"82.11";"MV";20
"N";"82.19";"LV-a";23
"N";"82.19";"LV-b";2
"N";"82.19";"MV";29
"N";"82.20";"LV-a";3
"N";"82.20";"LV-b";0
"N";"82.20";"MV";18
"N";"82.30";"LV-a";1
"N";"82.30";"LV-b";1
"N";"82.30";"MV";81
"N";"82.91";"LV-a";0
"N";"82.91";"LV-b";0
"N";"82.91";"MV";1
"N";"82.92";"LV-a";1
"N";"82.92";"LV-b";3
"N";"82.92";"MV";93
"N";"82.99";"LV-a";12
"N";"82.99";"LV-b";8
"N";"82.99";"MV";154
"O";"84.11";"LV-a";700
"O";"84.11";"LV-b";358
"O";"84.11";"MV";2655
"O";"84.12";"LV-a";3
"O";"84.12";"LV-b";4
"O";"84.12";"MV";69
"O";"84.13";"LV-a";7
"O";"84.13";"LV-b";15
"O";"84.13";"MV";194
"O";"84.21";"LV-a";0
"O";"84.21";"LV-b";0
"O";"84.21";"MV";2
"O";"84.22";"LV-a";0
"O";"84.22";"LV-b";3
"O";"84.22";"MV";236
"O";"84.23";"LV-a";0
"O";"84.23";"LV-b";2
"O";"84.23";"MV";90
"O";"84.24";"LV-a";0
"O";"84.24";"LV-b";1
"O";"84.24";"MV";50
"O";"84.25";"LV-a";76
"O";"84.25";"LV-b";1
"O";"84.25";"MV";29
"O";"84.30";"LV-a";1
"O";"84.30";"LV-b";3
"O";"84.30";"MV";184
"P";"85.10";"LV-a";5
"P";"85.10";"LV-b";2
"P";"85.10";"MV";5
"P";"85.20";"LV-a";14
"P";"85.20";"LV-b";1
"P";"85.20";"MV";22
"P";"85.31";"LV-a";20
"P";"85.31";"LV-b";37
"P";"85.31";"MV";632
"P";"85.32";"LV-a";3
"P";"85.32";"LV-b";7
"P";"85.32";"MV";368
"P";"85.41";"LV-a";0
"P";"85.41";"LV-b";1
"P";"85.41";"MV";37
"P";"85.42";"LV-a";3
"P";"85.42";"LV-b";10
"P";"85.42";"MV";458
"P";"85.51";"LV-a";3
"P";"85.51";"LV-b";2
"P";"85.51";"MV";20
"P";"85.52";"LV-a";2
"P";"85.52";"LV-b";0
"P";"85.52";"MV";5
"P";"85.53";"LV-a";11
"P";"85.53";"LV-b";1
"P";"85.53";"MV";2
"P";"85.59";"LV-a";23
"P";"85.59";"LV-b";4
"P";"85.59";"MV";141
"P";"85.60";"LV-a";0
"P";"85.60";"LV-b";0
"P";"85.60";"MV";1
"Q";"86.10";"LV-a";5
"Q";"86.10";"LV-b";6
"Q";"86.10";"MV";1421
"Q";"86.21";"LV-a";51
"Q";"86.21";"LV-b";2
"Q";"86.21";"MV";38
"Q";"86.22";"LV-a";22
"Q";"86.22";"LV-b";1
"Q";"86.22";"MV";8
"Q";"86.23";"LV-a";34
"Q";"86.23";"LV-b";0
"Q";"86.23";"MV";2
"Q";"86.90";"LV-a";81
"Q";"86.90";"LV-b";2
"Q";"86.90";"MV";32
"Q";"87.10";"LV-a";3
"Q";"87.10";"LV-b";26
"Q";"87.10";"MV";302
"Q";"87.20";"LV-a";5
"Q";"87.20";"LV-b";9
"Q";"87.20";"MV";48
"Q";"87.30";"LV-a";9
"Q";"87.30";"LV-b";9
"Q";"87.30";"MV";57
"Q";"87.90";"LV-a";10
"Q";"87.90";"LV-b";5
"Q";"87.90";"MV";25
"Q";"88.10";"LV-a";16
"Q";"88.10";"LV-b";10
"Q";"88.10";"MV";88
"Q";"88.91";"LV-a";24
"Q";"88.91";"LV-b";0
"Q";"88.91";"MV";12
"Q";"88.99";"LV-a";25
"Q";"88.99";"LV-b";18
"Q";"88.99";"MV";136
"R";"90.01";"LV-a";9
"R";"90.01";"LV-b";4
"R";"90.01";"MV";54
"R";"90.02";"LV-a";1
"R";"90.02";"LV-b";0
"R";"90.02";"MV";14
"R";"90.03";"LV-a";9
"R";"90.03";"LV-b";1
"R";"90.03";"MV";4
"R";"90.04";"LV-a";0
"R";"90.04";"LV-b";1
"R";"90.04";"MV";59
"R";"91.01";"LV-a";0
"R";"91.01";"LV-b";0
"R";"91.01";"MV";15
"R";"91.02";"LV-a";1
"R";"91.02";"LV-b";0
"R";"91.02";"MV";26
"R";"91.03";"LV-a";12
"R";"91.03";"LV-b";0
"R";"91.03";"MV";46
"R";"91.04";"LV-a";0
"R";"91.04";"LV-b";2
"R";"91.04";"MV";10
"R";"92.00";"LV-a";0
"R";"92.00";"LV-b";4
"R";"92.00";"MV";56
"R";"93.11";"LV-a";1
"R";"93.11";"LV-b";3
"R";"93.11";"MV";137
"R";"93.12";"LV-a";10
"R";"93.12";"LV-b";5
"R";"93.12";"MV";64
"R";"93.13";"LV-a";0
"R";"93.13";"LV-b";2
"R";"93.13";"MV";1
"R";"93.19";"LV-a";1
"R";"93.19";"LV-b";1
"R";"93.19";"MV";8
"R";"93.21";"LV-a";0
"R";"93.21";"LV-b";1
"R";"93.21";"MV";71
"R";"93.29";"LV-a";14
"R";"93.29";"LV-b";6
"R";"93.29";"MV";56
"S";"94.11";"LV-a";0
"S";"94.11";"LV-b";8
"S";"94.11";"MV";103
"S";"94.12";"LV-a";0
"S";"94.12";"LV-b";1
"S";"94.12";"MV";17
"S";"94.20";"LV-a";1
"S";"94.20";"LV-b";1
"S";"94.20";"MV";46
"S";"94.91";"LV-a";18
"S";"94.91";"LV-b";8
"S";"94.91";"MV";17
"S";"94.92";"LV-a";0
"S";"94.92";"LV-b";0
"S";"94.92";"MV";1
"S";"94.99";"LV-a";43
"S";"94.99";"LV-b";6
"S";"94.99";"MV";151
"S";"95.11";"LV-a";1
"S";"95.11";"LV-b";0
"S";"95.11";"MV";5
"S";"95.12";"LV-a";0
"S";"95.12";"LV-b";0
"S";"95.12";"MV";2
"S";"95.21";"LV-a";3
"S";"95.21";"LV-b";0
"S";"95.21";"MV";3
"S";"95.22";"LV-a";1
"S";"95.22";"LV-b";1
"S";"95.22";"MV";1
"S";"95.23";"LV-a";5
"S";"95.23";"LV-b";0
"S";"95.23";"MV";1
"S";"95.24";"LV-a";2
"S";"95.24";"LV-b";0
"S";"95.24";"MV";5
"S";"95.29";"LV-a";7
"S";"95.29";"LV-b";0
"S";"95.29";"MV";7
"S";"96.01";"LV-a";7
"S";"96.01";"LV-b";11
"S";"96.01";"MV";37
"S";"96.02";"LV-a";96
"S";"96.02";"LV-b";0
"S";"96.02";"MV";5
"S";"96.03";"LV-a";9
"S";"96.03";"LV-b";2
"S";"96.03";"MV";2
"S";"96.04";"LV-a";6
"S";"96.04";"LV-b";1
"S";"96.04";"MV";83
"S";"96.09";"LV-a";6
"S";"96.09";"LV-b";8
"S";"96.09";"MV";6
"T";"97.00";"LV-a";0
"T";"97.00";"LV-b";6
"T";"97.00";"MV";13
"T";"98.20";"LV-a";0
"T";"98.20";"LV-b";0
"T";"98.20";"MV";6
"U";"99.00";"LV-a";1
"U";"99.00";"LV-b";1
"U";"99.00";"MV";23
